,Kateqoriya,Mərtəbə,Sahə,Otaq sayı,Çıxarış,price,price-cur,locations,latitude,city,longtitude,id,İpoteka,Təmir
0,Yeni tikili,20 / 22,400 m²,6,,1140000,AZN,"Milli Konservatoriya ,Bakı Musiqi Akademiyası ,Neft Akademiyası ,Nizami kinoteatrı ,Malokan bağı ,Pedaqoji Universiteti ,Sahil bağı ,28 May m.,Sahil m.,Nəsimi r.",40.38002022966838,Bakı,49.85552251338959,2669228,,
1,Köhnə tikili,3 / 3,120 m²,3,,274500,AZN,"Mərkəzi Univermaq ,M.Ə.Sabir parkı ,Fontanlar bağı ,Beşmərtəbə ,İqsadiyyat Universiteti ,İçəri Şəhər m.,Səbail r.",40.38264366149726,Bakı,49.87209320068359,2677908,,
2,Yeni tikili,11 / 12,131 m²,3,,165000,AZN,"Yasamal r.,Yeni Yasamal q.",40.39414959485713,Bakı,49.7993946075439,2807240,,
3,Köhnə tikili,3 / 9,90 m²,3,,213000,AZN,"Nərimanov heykəli ,Space TV ,Yasamal r.,Yasamal q.",40.3651072257085,Bakı,49.81950849294662,2861056,,
4,Yeni tikili,14 / 20,110.5 m²,3,var,238000,AZN,"Elmlər Akademiyası m.,Bakı Dövlət Universiteti ,Yasamal r.,Yasamal q.",40.37742938831814,Bakı,49.80915784835819,2871472,,
5,Yeni tikili,10 / 11,330 m²,6,,360000,AZN,"İnşaatçılar m.,Yasamal r.,Yasamal q.",40.39414959485713,Bakı,49.7993946075439,2872340,,
6,Yeni tikili,14 / 15,136 m²,4,,260000,AZN,"İnşaatçılar m.,Yasamal r.",40.37620916175648,Bakı,49.81580107043555,2929628,,
7,Köhnə tikili,5 / 9,93 m²,4,,112000,AZN,Xətai r.,40.39174723989228,Bakı,49.95384693145752,2945252,,
8,Yeni tikili,5 / 12,88 m²,3,,250000,AZN,"Axundov bağı ,İqsadiyyat Universiteti ,Dövlət İdarəçilik Akademiyası ,M.Ə.Sabir parkı ,Sovetski ,Mərkəzi Univermaq ,İçəri Şəhər m.,Səbail r.",40.40554735588255,Bakı,49.87506508827209,2946988,,
9,Yeni tikili,6 / 10,74 m²,2,,145000,AZN,"Ayna Sultanova heykəli ,Nərimanov r.",40.41356139992233,Bakı,49.8460865020752,2948724,,
10,Köhnə tikili,5 / 9,85 m²,3,var,140000,AZN,"TQDK ,Gənclik m.,Nərimanov r.",40.38873191798482,Bakı,49.95395421981815,2950460,,
11,Yeni tikili,5 / 21,109.9 m²,3,var,205000,AZN,"Azadlıq Prospekti m.,Binəqədi r.,8-ci mikrorayon q.",40.42127660346334,Bakı,49.84170371104961,2955668,,
12,Yeni tikili,15 / 22,75 m²,2,,125000,AZN,"Yasamal r.,Yeni Yasamal q.",40.38264366149726,Bakı,49.80834245681766,2958272,,
13,Yeni tikili,13 / 17,60 m²,2,,110000,AZN,"Binəqədi r.,7-ci mikrorayon q.",40.41934464307053,Bakı,49.92526531219486,2959140,,
14,Köhnə tikili,4 / 6,60 m²,2,,143000,AZN,"Park Zorge ,Rusiya səfirliyi ,Sevil Qazıyeva parkı ,Koala parkı ,Nəsimi r.",40.38875170094927,Bakı,49.83632681377331,2960876,,
15,Yeni tikili,11 / 16,86.6 m²,2,,135000,AZN,Nərimanov r.,40.38264366149726,Bakı,49.87209320068359,2961744,,
16,Yeni tikili,2 / 16,86 m²,2,,110000,AZN,"Şah İsmayıl Xətai m.,Xətai r.",40.37024250177031,Bakı,49.97394200996779,2966952,,
17,Köhnə tikili,2 / 2,414 m²,8,,1250000,AZN,"Yasamal bazarı ,İnşaatçılar m.,Yasamal r.,Yasamal q.",40.3839039,Bakı,49.79972640000005,2969556,,
18,Köhnə tikili,5 / 5,90 m²,4,var,110000,AZN,"Şah İsmayıl Xətai m.,Xətai r.",40.37742938831814,Bakı,49.80915784835819,2972160,,
19,Köhnə tikili,2 / 9,82 m²,3,var,147999,AZN,Nərimanov r.,40.36942330420567,Bakı,49.82101321220402,2973896,,
20,Köhnə tikili,7 / 9,80 m²,3,,98000,AZN,Xətai r.,40.37041645360539,Bakı,49.95307445526123,2978236,,
21,Yeni tikili,3 / 20,173 m²,3,,245000,AZN,"Dövlət Statistika Komitəsi ,Nizami m.,Yasamal r.",40.37738239264175,Bakı,49.82495069503784,2979104,,
22,Yeni tikili,17 / 19,70 m²,2,,139000,AZN,"Bakı Asiya Universiteti ,8 Noyabr m.,Yasamal r.",40.39205366748811,Bakı,49.84065234661102,2981708,,
23,Köhnə tikili,2 / 9,75 m²,3,,105000,AZN,"Əhmədli m.,Xətai r.,Əhmədli q.",40.3816452,Bakı,49.95845050000003,2982576,,
24,Yeni tikili,4 / 15,57 m²,2,,50000,AZN,Xırdalan,40.45328105555887,Xırdalan,49.74124792807287,2983444,,
25,Yeni tikili,9 / 17,65 m²,2,,138000,AZN,"Qara Qarayev m.,Nizami r.,8-ci kilometr q.",40.41740386874545,Bakı,49.93426509626465,2985180,,
26,Yeni tikili,14 / 16,150 m²,3,var,181000,AZN,"20 Yanvar m.,Yasamal r.,Yasamal q.",40.400671768219,Bakı,49.80136710462629,2986048,,
27,Köhnə tikili,6 / 9,85 m²,3,,172000,AZN,"Ayna Sultanova heykəli ,Nərimanov r.",40.41359293244201,Bakı,49.8437817043466,2986916,,
28,Köhnə tikili,1 / 2,54 m²,2,,82000,AZN,"Səbail r.,Badamdar q.",40.33952290000001,Bakı,49.80342369999994,2992124,,
29,Yeni tikili,3 / 14,320 m²,8,,750000,AZN,"Montin bazarı ,Rəssamlıq Akademiyası ,Nərimanov r.",40.39604527024729,Bakı,49.87586438655853,2995596,,
30,Köhnə tikili,6 / 9,100 m²,4,var,165000,AZN,"Xalqlar Dostluğu m.,Xətai r.",40.41913797142315,Bakı,49.92514979797704,2998200,,
31,Köhnə tikili,3 / 5,90 m²,3,,105000,AZN,"Həzi Aslanov m.,Xətai r.,Əhmədli q.",40.37187000529626,Bakı,49.9531289973145,3002540,,
32,Yeni tikili,2 / 18,70 m²,2,var,133000,AZN,"Şah İsmayıl Xətai m.,Xətai r.",40.38816806232006,Bakı,49.83243942260742,3005144,var,var
33,Yeni tikili,5 / 12,85 m²,3,var,106000,AZN,Xırdalan,40.45272664713519,Xırdalan,49.74083860830887,3007748,,
34,Yeni tikili,15 / 20,77 m²,3,var,130000,AZN,"Həzi Aslanov m.,Xətai r.",40.38855213843042,Bakı,49.87120270729065,3008616,var,var
35,Yeni tikili,9 / 17,160 m²,4,var,287000,AZN,"Nəriman Nərimanov m.,Nəriman Nərimanov parkı ,Nərimanov r.",40.39352858614141,Bakı,49.8204231262207,3009484,var,var
36,Yeni tikili,2 / 5,60 m²,2,var,87000,AZN,"Memar Əcəmi m.,Nəsimi r.,4-cü mikrorayon q.",40.38042069783201,Bakı,49.80892181396484,3010352,,
37,Köhnə tikili,4 / 5,52 m²,2,var,106000,AZN,Nizami r.,40.4087847,Bakı,49.92876260000003,3011220,,
38,Yeni tikili,20 / 23,255 m²,5,,365000,AZN,"Tibb Universiteti ,Nəsimi r.",40.39584916837152,Bakı,49.85226631164551,3015560,,
39,Köhnə tikili,2 / 9,67 m²,3,var,95000,AZN,"Suraxanı r.,Yeni Günəşli q.",40.40554735588255,Bakı,49.87506508827209,3017296,,
40,Yeni tikili,5 / 16,81 m²,2,var,138000,AZN,"Bakı Slavyan Universiteti ,Dostluq kinoteatrı ,Azərbaycan Dillər Universiteti ,Nəsimi r.",40.38930339224178,Bakı,49.85948536585312,3019032,,
41,Yeni tikili,6 / 14,71 m²,1,var,114900,AZN,"Həzi Aslanov m.,Xətai r.,Həzi Aslanov q.",40.37018160476183,Bakı,49.94813889011569,3019900,,
42,Köhnə tikili,5 / 5,35 m²,1,var,61000,AZN,"Memar Əcəmi m.,Nəsimi r.,4-cü mikrorayon q.",40.37998753828459,Bakı,49.85486268997196,3021636,,
43,Yeni tikili,6 / 6,115 m²,3,,152000,AZN,"İnşaatçılar m.,Yasamal r.",40.39280498733137,Bakı,49.7986667303342,3024240,,
44,Yeni tikili,3 / 16,130 m²,3,var,210000,AZN,"Bakı Dövlət Universiteti ,Elmlər Akademiyası m.,Yasamal r.",40.39270174045908,Bakı,49.83329557619629,3025108,var,var
45,Köhnə tikili,3 / 3,61 m²,2,yoxdur,60000,AZN,"Əhmədli m.,Ukrayna dairəsi ,Xətai r.",40.37613086332457,Bakı,49.91559462210881,3025976,,
46,Yeni tikili,17 / 21,156 m²,3,var,320000,AZN,"İdman kompleksi ,Yasamal r.",40.38499730777751,Bakı,49.83810424804688,3026844,,
47,Yeni tikili,2 / 16,120 m²,3,yoxdur,145000,AZN,"Neapol dairəsi ,Əhmədli m.,Xətai r.,Əhmədli q.",40.38166295127544,Bakı,49.96067047119141,3027712,,
48,Yeni tikili,15 / 16,181 m²,4,var,370000,AZN,"Yasamal bazarı ,İnşaatçılar m.,Yasamal r.,Yasamal q.",40.38274990424748,Bakı,49.8084390163422,3029448,var,var
49,Yeni tikili,13 / 15,75 m²,3,yoxdur,73000,AZN,Suraxanı r.,40.36942330420567,Bakı,49.82101321220402,3032920,,
50,Yeni tikili,5 / 16,58 m²,2,var,90000,AZN,"Əhmədli m.,Xətai r.,Əhmədli q.",40.3816452,Bakı,49.95845050000003,3033788,,
51,Köhnə tikili,7 / 9,110 m²,5,var,126000,AZN,"Neapol dairəsi ,Xətai r.,Əhmədli q.",40.3651072257085,Bakı,49.81950849294662,3036392,,
52,Köhnə tikili,3 / 5,30.3 m²,1,var,75000,AZN,"İnşaatçılar m.,Yasamal r.,Yasamal q.",40.40210780478213,Bakı,49.85758781433109,3040732,,
53,Köhnə tikili,3 / 9,110 m²,4,var,149000,AZN,"Yasamal r.,Yeni Yasamal q.",40.40210780478213,Bakı,49.85758781433109,3043336,var,var
54,Köhnə tikili,3 / 5,60 m²,2,var,125000,AZN,"Dostluq kinoteatrı ,Koala parkı ,Nəsimi bazarı ,Zoopark ,Nəsimi r.",40.37649764183499,Bakı,49.84163403511051,3045940,,
55,Yeni tikili,3 / 15,64 m²,2,yoxdur,195000,AZN,"Zabitlər parkı ,Nizami m.,Sirk ,Nəsimi r.,Kubinka q.",40.3823534,Bakı,49.83293920000006,3046808,,
56,Yeni tikili,15 / 17,109 m²,3,var,165000,AZN,"İnşaatçılar m.,Yasamal r.",40.39197603929571,Bakı,49.80684041976929,3047676,,
57,Köhnə tikili,7 / 9,120 m²,4,var,115000,AZN,"Ukrayna dairəsi ,Əhmədli m.,Xətai r.,Əhmədli q.",40.39206183887164,Bakı,49.95752692222599,3048544,var,var
58,Köhnə tikili,3 / 4,38 m²,2,var,110000,AZN,"Zoopark ,Dostluq kinoteatrı ,Koala parkı ,Nərimanov r.",40.39200222184113,Bakı,49.84550918957682,3049412,,
59,Yeni tikili,17 / 19,58 m²,2,var,155000,AZN,"İnşaatçılar m.,Yasamal r.",40.36741688288309,Bakı,49.81053225220956,3050280,var,var
60,Yeni tikili,5 / 18,48 m²,2,var,123000,AZN,"İnşaatçılar m.,Yasamal r.,Yasamal q.",40.39007001313773,Bakı,49.80271829780688,3051148,,
61,Köhnə tikili,5 / 5,70 m²,3,var,118000,AZN,"Neftçilər m.,Nizami r.",40.37742938831814,Bakı,49.80915784835819,3052884,,
62,Köhnə tikili,2 / 5,70 m²,3,var,140000,AZN,"Tibb Universiteti ,Nəsimi r.",40.37649764183499,Bakı,49.84163403511051,3053752,,
63,Köhnə tikili,9 / 9,110 m²,5,var,130000,AZN,"Yasamal r.,Yeni Yasamal q.",40.3863886681378,Bakı,49.80817391355895,3054620,var,var
64,Yeni tikili,5 / 7,118 m²,3,var,341000,AZN,"Ağ şəhər ,Xətai r.",40.38613323957885,Bakı,49.82919931411747,3055488,,
65,Yeni tikili,18 / 20,47 m²,2,yoxdur,80000,AZN,"20 Yanvar m.,Yasamal r.",40.40073062704566,Bakı,49.80576936920165,3057224,,
66,Yeni tikili,7 / 11,107 m²,3,var,165000,AZN,"Sabunçu r.,Bakıxanov q.",40.41172277125659,Bakı,49.96604751143514,3058092,,
67,Yeni tikili,8 / 15,140 m²,4,var,340000,AZN,Yasamal r.,40.3651072257085,Bakı,49.81950849294662,3059828,,
68,Yeni tikili,15 / 16,87 m²,3,var,135000,AZN,"Yasamal r.,Yeni Yasamal q.",40.39674544968482,Bakı,49.79129855155944,3060696,,
69,Yeni tikili,6 / 6,47.1 m²,2,var,48000,AZN,"Abşeron r.,Masazır q.",40.4862557,Bakı,49.75753099999997,3061564,,
70,Köhnə tikili,7 / 9,65 m²,2,,85000,AZN,"Xətai r.,Əhmədli q.",40.36560855866348,Bakı,49.94906276844792,3062432,,
71,Yeni tikili,17 / 18,99 m²,3,var,142000,AZN,"Həzi Aslanov m.,Xətai r.",40.37304859013469,Bakı,49.95350110838562,3063300,,
72,Yeni tikili,17 / 18,90 m²,2,var,118000,AZN,Yasamal r.,40.39989258617802,Bakı,49.83979431395813,3064168,var,var
73,Yeni tikili,6 / 17,121 m²,3,var,235000,AZN,"Binəqədi r.,9-cu mikrorayon q.",40.42793349999999,Bakı,49.81359980000002,3065036,,
74,Köhnə tikili,4 / 5,140 m²,3,var,450000,AZN,"Xalça Muzeyi ,Sahil m.,Fontanlar bağı ,Sahil bağı ,Azərbaycan kinoteatrı ,Səbail r.",40.36942609336699,Bakı,49.84300681787925,3066772,,
75,Yeni tikili,5 / 16,94 m²,2,var,185000,AZN,"Memar Əcəmi m.,Nəsimi r.,4-cü mikrorayon q.",40.41597422136568,Bakı,49.81327066350708,3067640,var,var
76,Yeni tikili,6 / 16,210 m²,4,var,380000,AZN,"İnşaatçılar m.,Yasamal bazarı ,Yasamal r.,Yasamal q.",40.38816806232006,Bakı,49.83243942260742,3069376,var,var
77,Yeni tikili,9 / 12,60 m²,2,,110000,AZN,"Xalqlar Dostluğu m.,Nizami r.",40.39445113274821,Bakı,49.95105349836715,3070244,,
78,Yeni tikili,17 / 17,75 m²,2,var,125000,AZN,Səbail r.,40.37649764183499,Bakı,49.84163403511051,3071112,,
79,Yeni tikili,4 / 14,52.5 m²,1,var,55500,AZN,"Abşeron r.,Masazır q.",40.48428822960071,Bakı,49.757439494133,3071980,,
80,Yeni tikili,8 / 16,232 m²,5,var,429900,AZN,"Nəriman Nərimanov m.,Nərimanov r.",40.40670514618196,Bakı,49.86905289403044,3072848,,
81,Yeni tikili,13 / 19,107 m²,2,var,220000,AZN,"ASAN Xidmət №1 ,Neftçi bazası ,Nəsimi r.",40.40151989948133,Bakı,49.84751267278616,3074584,,
82,Yeni tikili,14 / 17,140 m²,3,var,220000,AZN,"İnşaatçılar m.,Yasamal r.,Yasamal q.",40.37224994422943,Bakı,49.83342432222912,3075452,var,var
83,Yeni tikili,3 / 17,120.2 m²,3,var,205000,AZN,Nərimanov r.,40.4089166,Bakı,49.86399959999994,3077188,var,yoxdur
84,Yeni tikili,5 / 16,120.5 m²,3,var,250500,AZN,Nərimanov r.,40.4089166,Bakı,49.86399959999994,3078056,,
85,Yeni tikili,9 / 12,51 m²,2,yoxdur,117000,AZN,"Qara Qarayev m.,Nizami r.",40.37375136672051,Bakı,49.95380401611332,3080660,,
86,Yeni tikili,9 / 12,85 m²,3,var,137000,AZN,Yasamal r.,40.37660389427779,Bakı,49.8131650686264,3083264,,
87,Köhnə tikili,2 / 9,70 m²,2,var,99000,AZN,"Həzi Aslanov m.,Xətai r.",40.36830725621694,Bakı,49.95259435652255,3084132,,
88,Yeni tikili,9 / 17,108 m²,2,yoxdur,145800,AZN,"Qara Qarayev m.,Nizami r.,8-ci kilometr q.",40.41761298963356,Bakı,49.93414878845215,3087604,,
89,Yeni tikili,11 / 13,142 m²,3,var,258000,AZN,Nərimanov r.,40.40165027405231,Bakı,49.86080646514893,3088472,,
90,Yeni tikili,8 / 16,133.5 m²,3,yoxdur,163000,AZN,Xətai r.,40.40328327684168,Bakı,49.85078707337379,3090208,,
91,Köhnə tikili,6 / 9,53 m²,2,var,105000,AZN,"Yasamal r.,Yasamal q.",40.40001789124755,Bakı,49.79878226242681,3091944,,
92,Yeni tikili,9 / 18,265 m²,5,var,450000,AZN,"Zoopark ,Gənclik m.,Nərimanov r.",40.38264366149726,Bakı,49.87209320068359,3092812,,
93,Yeni tikili,6 / 15,100 m²,2,var,150000,AZN,"Azadlıq Prospekti m.,Binəqədi r.",40.40328327684168,Bakı,49.85078707337379,3093680,,
94,Yeni tikili,9 / 16,200 m²,3,var,395000,AZN,"Şah İsmayıl Xətai m.,Xətai r.",40.39352858614141,Bakı,49.8204231262207,3094548,var,var
95,Köhnə tikili,5 / 7,80 m²,3,var,180000,AZN,"Şah İsmayıl Xətai m.,Xətai r.",40.38781667161964,Bakı,49.85220193862915,3096284,var,var
96,Yeni tikili,4 / 16,52.7 m²,1,yoxdur,80000,AZN,"Qara Qarayev m.,Nizami r.",40.41192472854137,Bakı,49.93526656585219,3098888,,
97,Yeni tikili,17 / 19,110 m²,2,,142000,AZN,"Nizami r.,8-ci kilometr q.",40.40946380579184,Bakı,49.95606609113769,3100624,,
98,Yeni tikili,2 / 16,60 m²,1,yoxdur,89000,AZN,"Neftçilər m.,Nizami r.",40.39989258617802,Bakı,49.83979431395813,3101492,,
99,Yeni tikili,2 / 19,100 m²,2,var,146000,AZN,"Bakı Asiya Universiteti ,8 Noyabr m.,Nəsimi r.",40.39205366748811,Bakı,49.84065234661102,3102360,var,var
100,Köhnə tikili,4 / 5,65 m²,2,var,145000,AZN,"Elmlər Akademiyası m.,Hüseyn Cavid parkı ,Texniki Universiteti ,Yasamal r.",40.40210780478213,Bakı,49.85758781433109,3103228,,
101,Yeni tikili,4 / 12,151 m²,3,var,302000,AZN,"Səbail r.,Bayıl q.",40.34248520249665,Bakı,49.83951088953356,3104096,,
102,Yeni tikili,15 / 17,58 m²,2,,88000,AZN,"Suraxanı r.,Massiv V q.",40.41934464307053,Bakı,49.92526531219486,3104964,,
103,Köhnə tikili,7 / 9,56 m²,2,var,76000,AZN,"Xətai r.,Əhmədli q.",40.36398996402249,Bakı,49.96271750949906,3105832,,
104,Yeni tikili,8 / 16,70 m²,2,var,182000,AZN,"Bakmil m.,Nərimanov r.",40.40210780478213,Bakı,49.85758781433109,3108436,var,var
105,Yeni tikili,6 / 15,100 m²,2,var,130000,AZN,Xırdalan,40.40687051020995,Xırdalan,49.81628229163361,3110172,var,var
106,Köhnə tikili,2 / 3,100 m²,3,var,190000,AZN,"Dağüstü parkı ,Azneft meydanı ,İçəri Şəhər m.,Səbail r.",40.37533198376934,Bakı,49.81793688867354,3113644,,
107,Yeni tikili,10 / 18,172 m²,3,yoxdur,420000,AZN,"Park Zorge ,Nəsimi bazarı ,Rusiya səfirliyi ,Nəsimi r.",40.39229311458828,Bakı,49.83558612438968,3114512,,
108,Köhnə tikili,3 / 5,60 m²,2,var,165000,AZN,"Sahil m.,Sahil bağı ,Malokan bağı ,Xalça Muzeyi ,Nizami kinoteatrı ,Pedaqoji Universiteti ,Fontanlar bağı ,Milli Konservatoriya ,Bakı Musiqi Akademiyası ,Azərbaycan kinoteatrı ,Qış parkı ,Azadlıq meydanı ,Neft Akademiyası ,Mərkəzi Univermaq ,M.Ə.Sabir parkı ,28 May m.,İçəri Şəhər ,Nəsimi r.",40.37163276113831,Bakı,49.84455543133548,3117116,,
109,Köhnə tikili,4 / 5,70 m²,3,var,145000,AZN,"Rəssamlıq Akademiyası ,Montin bazarı ,Nəriman Nərimanov parkı ,Nəriman Nərimanov m.,Nərimanov r.",40.39813203697033,Bakı,49.87714915134877,3117984,,
110,Köhnə tikili,2 / 6,70 m²,3,,78000,AZN,"Qaradağ r.,Sahil q.",40.21915720587786,Bakı,49.56725547058019,3118852,,
111,Yeni tikili,3 / 17,130 m²,3,yoxdur,169000,AZN,"Qara Qarayev m.,Nizami r.,8-ci kilometr q.",40.41109764015702,Bakı,49.93181892164306,3119720,,
112,Yeni tikili,6 / 16,66 m²,2,yoxdur,225000,AZN,"Elmlər Akademiyası m.,Bakı Dövlət Universiteti ,Hüseyn Cavid parkı ,ASAN Xidmət №3 ,Texniki Universiteti ,Memarlıq və İnşaat Universiteti ,İncəsənət və Mədəniyyət Un. ,Yasamal bazarı ,Yasamal r.",40.40761426997893,Bakı,49.80840682983398,3120588,,
113,Yeni tikili,1 / 16,44 m²,2,var,115000,AZN,"20 Yanvar m.,Bakı Asiya Universiteti ,Yasamal r.",40.3974959095618,Bakı,49.80834031228687,3123192,,
114,Yeni tikili,11 / 21,82 m²,3,var,125000,AZN,"ASAN Xidmət №3 ,Yasamal bazarı ,Bakı Dövlət Universiteti ,Yasamal r.",40.38373468484185,Bakı,49.81024682521824,3132740,,
115,Köhnə tikili,8 / 9,80 m²,3,var,127000,AZN,"Xalqlar Dostluğu m.,Xətai r.",40.39352858614141,Bakı,49.8204231262207,3135344,,
116,Yeni tikili,17 / 20,75 m²,2,var,175000,AZN,"İnşaatçılar m.,20 Yanvar m.,Yasamal r.",40.3863886681378,Bakı,49.80817391355895,3137948,,
117,Yeni tikili,2 / 14,72 m²,2,var,176000,AZN,"Təhsil Nazirliyi ,Nərimanov r.",40.39989258617802,Bakı,49.83979431395813,3140552,var,var
118,Yeni tikili,9 / 15,138 m²,3,var,247000,AZN,"8 Noyabr m.,Nəsimi r.",40.39651469306789,Bakı,49.82223730577856,3143156,,
119,Yeni tikili,7 / 19,103 m²,3,var,140000,AZN,"Yasamal r.,Yeni Yasamal q.",40.39414959485713,Bakı,49.7993946075439,3144024,,
120,Köhnə tikili,4 / 5,55 m²,3,var,105000,AZN,"Azadlıq Prospekti m.,Binəqədi r.,7-ci mikrorayon q.",40.4305936142414,Bakı,49.85091485463197,3144892,,
121,Yeni tikili,18 / 18,54 m²,2,var,121000,AZN,"Bakı Slavyan Universiteti ,Azərbaycan Dillər Universiteti ,Sirk ,28 May m.,Nəsimi r.",40.38378780537758,Bakı,49.84318971633911,3145760,var,yoxdur
122,Yeni tikili,6 / 16,92 m²,2,var,185000,AZN,"Rəssamlıq Akademiyası ,Nəriman Nərimanov parkı ,Nəriman Nərimanov m.,Nərimanov r.",40.38264366149726,Bakı,49.87209320068359,3151836,var,var
123,Köhnə tikili,9 / 9,55 m²,2,var,115000,AZN,"ASAN Xidmət №1 ,Neftçi bazası ,TQDK ,Nəsimi r.",40.39989258617802,Bakı,49.83979431395813,3153572,var,var
124,Yeni tikili,10 / 17,132 m²,3,var,211000,AZN,"Təhsil Nazirliyi ,Nərimanov r.",40.40151989948133,Bakı,49.84751267278616,3157912,,
125,Yeni tikili,8 / 17,160 m²,4,var,264990,AZN,"20 Yanvar m.,İnşaatçılar m.,Yasamal r.",40.38816806232006,Bakı,49.83243942260742,3158780,var,var
126,Köhnə tikili,3 / 5,80 m²,3,yoxdur,450000,AZN,"M.Ə.Sabir parkı ,İçəri Şəhər ,İqsadiyyat Universiteti ,İçəri Şəhər m.,Azərbaycan kinoteatrı ,Qubernator parkı ,Dövlət İdarəçilik Akademiyası ,Axundov bağı ,Fontanlar bağı ,Azneft meydanı ,Mərkəzi Univermaq ,Sahil m.,Səbail r.",40.38499730777751,Bakı,49.84222412109375,3161384,,
127,Yeni tikili,8 / 11,125 m²,3,var,193000,AZN,"Səbail r.,Badamdar q.",40.37862575802446,Bakı,49.83980533468834,3162252,var,var
128,Yeni tikili,2 / 17,72 m²,2,yoxdur,140000,AZN,"Şah İsmayıl Xətai m.,Xətai r.",40.38054678547589,Bakı,49.87188993360766,3163120,,
129,Yeni tikili,7 / 14,178 m²,4,var,415000,AZN,"Koroğlu m.,Nərimanov r.",40.42518892461183,Bakı,49.9121381836562,3170064,var,var
130,Yeni tikili,15 / 18,140 m²,3,var,350000,AZN,"28 May m.,Neft Akademiyası ,Səməd Vurğun parkı ,Sahil m.,Nəsimi r.",40.39203732471822,Bakı,49.84165549278259,3170932,var,yoxdur
131,Köhnə tikili,2 / 5,50 m²,2,var,87000,AZN,"Xətai r.,Həzi Aslanov q.",40.38873191798482,Bakı,49.95395421981815,3171800,,
132,Yeni tikili,7 / 18,157.8 m²,4,yoxdur,285000,AZN,"Nəsimi bazarı ,Nəsimi r.",40.37024250177031,Bakı,49.97394200996779,3175272,,
133,Köhnə tikili,2 / 5,70 m²,3,,120000,AZN,"Yasamal bazarı ,İnşaatçılar m.,Yasamal r.,Yasamal q.",40.3839039,Bakı,49.79972640000005,3176140,,
134,Yeni tikili,5 / 17,65 m²,3,var,155000,AZN,"Binəqədi r.,28 May q.",40.32414782190858,Bakı,49.8082760376262,3177876,,
135,Yeni tikili,7 / 15,112 m²,2,yoxdur,110000,AZN,Xırdalan,40.38274990424748,Xırdalan,49.8084390163422,3178744,,
136,Yeni tikili,15 / 15,30 m²,1,var,39500,AZN,Xırdalan,40.44828964535272,Xırdalan,49.74823000233754,3179612,,
137,Köhnə tikili,8 / 9,80 m²,3,var,115000,AZN,"Xətai r.,Əhmədli q.",40.36157255114996,Bakı,49.96305457031276,3180480,,
138,Yeni tikili,2 / 16,50.4 m²,2,var,75000,AZN,"Suraxanı r.,Yeni Günəşli q.",40.37973437237372,Bakı,49.98239789247227,3182216,,
139,Yeni tikili,8 / 15,56 m²,2,var,95000,AZN,Xırdalan,40.44658752509499,Xırdalan,49.75006520812896,3184820,var,var
140,Köhnə tikili,5 / 5,33 m²,1,var,58000,AZN,"Suraxanı r.,Hövsan q.",40.38087577511171,Bakı,50.0922928492934,3185688,var,var
141,Yeni tikili,20 / 24,157.6 m²,3,var,255000,AZN,"Şah İsmayıl Xətai m.,Xətai r.",40.38264366149726,Bakı,49.87209320068359,3187424,var,yoxdur
142,Köhnə tikili,2 / 5,100 m²,4,yoxdur,100000,AZN,"Əhmədli m.,Həzi Aslanov m.,Xətai r.,Əhmədli q.",40.39989258617802,Bakı,49.83979431395813,3189160,,
143,Köhnə tikili,4 / 9,78 m²,3,var,160000,AZN,"Elmlər Akademiyası m.,Yasamal r.",40.39181261122973,Bakı,49.80257034301758,3190896,,
144,Yeni tikili,6 / 16,180 m²,4,var,355000,AZN,"Nəsimi bazarı ,Nəsimi r.",40.37472401862458,Bakı,49.83415603637699,3193500,,
145,Yeni tikili,10 / 16,120 m²,3,var,240000,AZN,"Rəssamlıq Akademiyası ,Montin bazarı ,Nəriman Nərimanov m.,Nərimanov r.",40.38930339224178,Bakı,49.85948536585312,3194368,,
146,Yeni tikili,7 / 16,165 m²,3,var,280000,AZN,"28 May m.,Neft Akademiyası ,Bakı Slavyan Universiteti ,Bakı Musiqi Akademiyası ,Azərbaycan Dillər Universiteti ,Nəsimi r.",40.41932422288878,Bakı,49.92522239685059,3195236,,
147,Yeni tikili,10 / 16,91 m²,2,yoxdur,130000,AZN,"Şah İsmayıl Xətai m.,Xətai r.",40.3843596,Bakı,49.87381000000005,3197840,,
148,Yeni tikili,13 / 18,181.2 m²,4,yoxdur,290000,AZN,"Nəriman Nərimanov m.,Nərimanov r.",40.4040342944525,Bakı,49.87739111851419,3198708,,
149,Yeni tikili,4 / 8,125 m²,3,yoxdur,380000,AZN,"Xətai r.,Ağ şəhər q.",40.37979042388949,Bakı,49.89145964280588,3199576,,
150,Köhnə tikili,3 / 9,65 m²,2,var,130000,AZN,"Zərifə Əliyeva adına park ,Memar Əcəmi m.,Nəsimi m.,Nəsimi r.,4-cü mikrorayon q.",40.38816806232006,Bakı,49.83243942260742,3201312,var,var
151,Yeni tikili,8 / 12,133 m²,3,var,330000,AZN,"Zoopark ,Nərimanov r.",40.37224994422943,Bakı,49.83342432222912,3203048,,
152,Yeni tikili,15 / 17,150 m²,3,yoxdur,158000,AZN,"Yasamal r.,Yeni Yasamal q.",40.4053327515815,Bakı,49.81380344106,3208256,,
153,Yeni tikili,5 / 7,89.5 m²,3,yoxdur,68000,AZN,"Abşeron r.,Masazır q.",40.50462756296177,Bakı,49.75477763288545,3210860,,
154,Köhnə tikili,7 / 9,70 m²,2,var,102000,AZN,"Xətai r.,Əhmədli q.",40.41167961732732,Bakı,49.94238121798746,3213464,,
155,Yeni tikili,9 / 16,172 m²,3,,283000,AZN,Nəsimi r.,40.37649764183499,Bakı,49.84163403511051,3215200,,
156,Yeni tikili,5 / 18,120 m²,3,var,194900,AZN,Xətai r.,40.39352858614141,Bakı,49.8204231262207,3216068,,
157,Yeni tikili,15 / 17,140 m²,3,,238000,AZN,Nərimanov r.,40.39989258617802,Bakı,49.83979431395813,3217804,,
158,Köhnə tikili,5 / 5,50 m²,1,var,67990,AZN,"Binəqədi r.,7-ci mikrorayon q.",40.4301447,Bakı,49.85311720000004,3222144,,
159,Yeni tikili,9 / 16,94 m²,2,var,210000,AZN,"Azərbaycan turizm institutu ,Gənclik m.,Nəriman Nərimanov m.,Nərimanov r.",40.39782650279675,Bakı,49.86236214637756,3223012,,
160,Köhnə tikili,4 / 5,85 m²,3,,200000,AZN,"Səməd Vurğun parkı ,Neft Akademiyası ,28 May m.,Pedaqoji Universiteti ,Sahil m.,Səbail r.",40.37692127813258,Bakı,49.85085596554228,3224748,,
161,Köhnə tikili,4 / 4,77 m²,4,var,65000,AZN,"Qaradağ r.,Lökbatan q.",40.3274513,Bakı,49.7296599,3225616,,
162,Köhnə tikili,7 / 9,60 m²,2,var,92000,AZN,"Xalqlar Dostluğu m.,Nizami r.",40.37649764183499,Bakı,49.84163403511051,3229088,,
163,Yeni tikili,6 / 17,139.8 m²,3,yoxdur,325000,AZN,"Azərbaycan turizm institutu ,Gənclik m.,Nərimanov r.",40.39771211313156,Bakı,49.86179351806641,3230824,,
164,Köhnə tikili,4 / 4,45 m²,2,var,135000,AZN,"Elmlər Akademiyası m.,Bakı Dövlət Universiteti ,Yasamal r.",40.37671014655314,Bakı,49.81726884841922,3231692,,
165,Köhnə tikili,9 / 9,45 m²,2,var,58000,AZN,"Memar Əcəmi m.,Nəsimi r.,4-cü mikrorayon q.",40.40952590477563,Bakı,49.84445571899418,3233428,,
166,Yeni tikili,12 / 16,50 m²,2,var,112800,AZN,"Xalqlar Dostluğu m.,Nizami r.",40.39352858614141,Bakı,49.8204231262207,3234296,,
167,Yeni tikili,6 / 17,45 m²,2,yoxdur,99000,AZN,"Şərq bazarı ,28 May m.,Nərimanov r.",40.37649764183499,Bakı,49.84163403511051,3235164,,
168,Köhnə tikili,4 / 5,50 m²,2,var,110000,AZN,"Yasamal bazarı ,İnşaatçılar m.,Yasamal r.",40.38350281212315,Bakı,49.80667172473159,3237768,,
169,Köhnə tikili,3 / 5,70 m²,3,var,82000,AZN,"Suraxanı r.,Hövsan q.",40.3895335,Bakı,50.07034859999999,3238636,,
170,Yeni tikili,7 / 16,92 m²,2,var,185000,AZN,"Tibb Universiteti ,Nəsimi r.",40.3863886681378,Bakı,49.80817391355895,3240372,var,yoxdur
171,Yeni tikili,6 / 20,200 m²,4,var,775000,AZN,"Port Baku ,Cavanşir körpüsü ,Nəsimi r.",40.39414959485713,Bakı,49.7993946075439,3243844,,
172,Yeni tikili,17 / 19,62 m²,2,yoxdur,122000,AZN,"Nəsimi m.,Binəqədi r.,9-cu mikrorayon q.",40.39181261122973,Bakı,49.80257034301758,3244712,,
173,Yeni tikili,3 / 17,65 m²,2,yoxdur,95000,AZN,Sumqayıt,40.5915344042627,Sumqayıt,49.66994833206061,3245580,,
174,Yeni tikili,7 / 7,42 m²,2,yoxdur,48000,AZN,"Abşeron r.,Masazır q.",40.4862557,Bakı,49.75753099999997,3248184,,
175,Yeni tikili,15 / 17,150 m²,4,var,320000,AZN,"Nəriman Nərimanov m.,Nəriman Nərimanov parkı ,Nərimanov r.",40.40437429512487,Bakı,49.87078022438958,3249920,,
176,Yeni tikili,15 / 17,80 m²,3,yoxdur,205000,AZN,"Şah İsmayıl Xətai m.,Xətai r.",40.39203732471822,Bakı,49.84165549278259,3254260,,
177,Yeni tikili,18 / 24,225 m²,3,var,650000,AZN,"ASAN Xidmət №2 ,Şah İsmayıl Xətai m.,Xətai r.",40.39816149998397,Bakı,49.84086155891422,3255128,var,var
178,Yeni tikili,8 / 16,63 m²,3,var,123000,AZN,"Botanika bağı ,Səbail r.,Badamdar q.",40.35455735799172,Bakı,49.80859516785636,3255996,,
179,Yeni tikili,7 / 22,170 m²,4,var,370000,AZN,"ASAN Xidmət №1 ,Neftçi bazası ,Tibb Universiteti ,Nərimanov r.",40.39980377915154,Bakı,49.86642837524414,3257732,var,var
180,Yeni tikili,13 / 14,90 m²,3,var,108000,AZN,"Abşeron r.,Masazır q.",40.39980377915154,Bakı,49.86642837524414,3259468,var,var
181,Köhnə tikili,9 / 9,75 m²,3,var,130000,AZN,"Həzi Aslanov m.,Xətai r.",40.37613086332457,Bakı,49.91559462210881,3262940,var,var
182,Yeni tikili,2 / 16,105 m²,3,var,165000,AZN,"20 Yanvar m.,Yasamal r.,Yeni Yasamal q.",40.38257828125999,Bakı,49.80385780334476,3265544,var,var
183,Yeni tikili,15 / 16,178 m²,4,var,371000,AZN,"Şərq bazarı ,Nərimanov r.",40.37862575802446,Bakı,49.83980533468834,3266412,var,var
184,Yeni tikili,14 / 17,86 m²,2,yoxdur,124000,AZN,"İnşaatçılar m.,Yasamal r.,Yeni Yasamal q.",40.394,Bakı,49.795,3268148,,
185,Yeni tikili,2 / 16,90 m²,3,yoxdur,175000,AZN,"Həzi Aslanov m.,Xətai r.",40.40828416527557,Bakı,49.87069845199589,3269884,,
186,Yeni tikili,5 / 16,80 m²,2,yoxdur,173999,AZN,"Memar Əcəmi m.,20 Yanvar m.,Nəsimi r.",40.39352858614141,Bakı,49.8204231262207,3270752,,
187,Yeni tikili,8 / 16,150 m²,3,var,184444,AZN,"İnşaatçılar m.,Yasamal r.,Yeni Yasamal q.",40.39043583494527,Bakı,49.79269250985991,3271620,var,var
188,Yeni tikili,10 / 16,53 m²,2,var,114000,AZN,"Şah İsmayıl Xətai m.,Xətai r.",40.38403864822475,Bakı,49.87639272630169,3272488,,
189,Köhnə tikili,4 / 9,110 m²,4,var,189900,AZN,"Azadlıq Prospekti m.,Binəqədi r.",40.39352858614141,Bakı,49.8204231262207,3275092,var,var
190,Yeni tikili,11 / 14,101 m²,3,var,262000,AZN,"Nəriman Nərimanov m.,Nəriman Nərimanov parkı ,Nərimanov r.",40.42527440160644,Bakı,49.85134363174438,3277696,,
191,Yeni tikili,5 / 8,205 m²,4,yoxdur,495000,AZN,"Dərnəgül m.,Nərimanov r.",40.427,Bakı,49.869,3278564,,
192,Yeni tikili,11 / 15,80 m²,3,var,132000,AZN,"Sevil Qazıyeva parkı ,Rusiya səfirliyi ,M.Hüseynzadə parkı ,Nizami m.,Yasamal r.",40.37738239264175,Bakı,49.82495069503784,3279432,,
193,Yeni tikili,12 / 16,90 m²,3,var,90000,AZN,Abşeron r.,40.4053327515815,Xırdalan,49.81380344106,3280300,var,var
194,Yeni tikili,11 / 17,100 m²,3,yoxdur,250000,AZN,"Azadlıq Prospekti m.,Nəsimi r.",40.39816149998397,Bakı,49.84086155891422,3281168,,
195,Yeni tikili,5 / 8,125 m²,3,yoxdur,387500,AZN,"Ağ şəhər ,ASAN Xidmət №2 ,Xətai r.",40.39414959485713,Bakı,49.7993946075439,3282904,,
196,Yeni tikili,4 / 13,126 m²,3,var,208000,AZN,"Bakı Asiya Universiteti ,8 Noyabr m.,20 Yanvar m.,Nəsimi r.",40.3983899699242,Bakı,49.816398576624,3284640,,
197,Yeni tikili,7 / 11,95 m²,3,yoxdur,64000,AZN,Xırdalan,40.4609236054629,Xırdalan,49.72429275512695,3285508,,
198,Yeni tikili,15 / 22,75 m²,2,var,133000,AZN,"İnşaatçılar m.,Yasamal r.",40.37862575802446,Bakı,49.83980533468834,3286376,var,var
199,Yeni tikili,7 / 14,167 m²,4,yoxdur,276500,AZN,"Şərq bazarı ,Nərimanov r.",40.37366342035062,Bakı,49.84738061053454,3287244,,
200,Köhnə tikili,4 / 4,50 m²,2,var,130000,AZN,"Space TV ,Texniki Universiteti ,Elmlər Akademiyası m.,Yasamal r.",40.39336516184337,Bakı,49.79300022125244,3288980,,
201,Yeni tikili,17 / 19,100 m²,3,var,227000,AZN,"Nəsimi bazarı ,Koala parkı ,Dostluq kinoteatrı ,Park Zorge ,Nəsimi r.",40.39989258617802,Bakı,49.83979431395813,3293320,,
202,Yeni tikili,4 / 12,108 m²,2,var,193000,AZN,"Neftçilər m.,Nizami r.,8-ci kilometr q.",40.37738239264175,Bakı,49.82495069503784,3295056,var,var
203,Yeni tikili,3 / 16,164 m²,3,var,300000,AZN,"Şərq bazarı ,Nərimanov r.",40.39045008382347,Bakı,49.830508675731,3295924,,
204,Yeni tikili,14 / 16,60 m²,2,var,82000,AZN,Xırdalan,40.45245455420378,Xırdalan,49.74205131907212,3296792,,
205,Yeni tikili,5 / 7,78 m²,2,yoxdur,59000,AZN,Xırdalan,40.4609236054629,Xırdalan,49.72437858581543,3301132,,
206,Yeni tikili,6 / 20,144 m²,3,var,518000,AZN,"Nərimanov heykəli ,Prezident parkı ,Axundov bağı ,Sovetski ,Dövlət İdarəçilik Akademiyası ,Şəlalə parkı ,Qubernator parkı ,İçəri Şəhər m.,Səbail r.",40.38613323957885,Bakı,49.82919931411747,3302868,,
207,Yeni tikili,5 / 20,89 m²,3,var,125000,AZN,"Əhmədli m.,Xətai r.,Əhmədli q.",40.37221545360581,Bakı,49.95304124562139,3303736,var,var
208,Yeni tikili,13 / 13,68 m²,2,yoxdur,89000,AZN,"Yasamal r.,Yeni Yasamal q.",40.38805114166161,Bakı,49.78701774597167,3304604,var,var
209,Yeni tikili,9 / 17,96 m²,3,var,175000,AZN,"Xətai r.,Həzi Aslanov q.",40.37862575802446,Bakı,49.83980533468834,3308076,var,var
210,Yeni tikili,12 / 18,325 m²,5,var,650000,AZN,"Neftçi bazası ,ASAN Xidmət №1 ,Nəsimi r.",40.41932422288878,Bakı,49.92522239685059,3308944,,
211,Yeni tikili,9 / 15,156 m²,3,,400000,AZN,"Tibb Universiteti ,Nəsimi r.",40.39232579999997,Bakı,49.8296638068848,3310680,,
212,Yeni tikili,12 / 16,320 m²,5,yoxdur,448000,AZN,"TQDK ,ASAN Xidmət №1 ,Neftçi bazası ,Nərimanov r.",40.39923932419572,Bakı,49.83948420960382,3311548,,
213,Köhnə tikili,3 / 5,72 m²,2,var,190000,AZN,"Sahil bağı ,Pedaqoji Universiteti ,Malokan bağı ,Sahil m.,Nizami kinoteatrı ,Milli Konservatoriya ,28 May m.,Nəsimi r.",40.37343668221621,Bakı,49.84739005565643,3312416,,
214,Yeni tikili,13 / 18,100 m²,3,var,145000,AZN,"Neapol dairəsi ,Əhmədli m.,Xətai r.,Əhmədli q.",40.39207450867706,Bakı,49.91632254003383,3315020,var,var
215,Yeni tikili,5 / 16,198 m²,4,var,510000,AZN,"Elmlər Akademiyası m.,İncəsənət və Mədəniyyət Un. ,Yasamal r.,Yasamal q.",40.37846790778288,Bakı,49.81567737705873,3315888,,
216,Yeni tikili,12 / 16,197 m²,4,var,360000,AZN,"ASAN Xidmət №3 ,Elmlər Akademiyası m.,Yasamal r.,Yasamal q.",40.37794517085739,Bakı,49.80858987589977,3321096,,
217,Yeni tikili,4 / 16,60 m²,2,yoxdur,153000,AZN,"Nəsimi bazarı ,Nəsimi r.",40.40554735588255,Bakı,49.87506508827209,3321964,,
218,Yeni tikili,13 / 18,97 m²,3,var,145000,AZN,"Əhmədli m.,Xətai r.",40.36905727720755,Bakı,49.95721334983358,3326304,,
219,Yeni tikili,8 / 8,125 m²,3,var,325000,AZN,"Təhsil Nazirliyi ,Nərimanov r.",40.39368894441532,Bakı,49.86262001791469,3327172,,
220,Yeni tikili,15 / 17,265 m²,5,var,430000,AZN,"Zoopark ,Dostluq kinoteatrı ,Nərimanov r.",40.37024250177031,Bakı,49.97394200996779,3328908,var,var
221,Köhnə tikili,8 / 9,80 m²,3,var,135000,AZN,Xətai r.,40.39045008382347,Bakı,49.830508675731,3329776,,
222,Köhnə tikili,4 / 5,36 m²,2,var,83000,AZN,"Azadlıq Prospekti m.,Binəqədi r.",40.37024250177031,Bakı,49.97394200996779,3330644,,
223,Yeni tikili,2 / 16,135 m²,4,var,245000,AZN,"Həzi Aslanov m.,Xətai r.,Əhmədli q.",40.39298300258589,Bakı,49.95403544813546,3336720,,
224,Yeni tikili,19 / 21,145 m²,3,yoxdur,240000,AZN,"Elmlər Akademiyası m.,Yasamal r.",40.3818771210556,Bakı,49.81092730484625,3338456,,
225,Yeni tikili,12 / 20,140 m²,3,var,237000,AZN,"Azadlıq Prospekti m.,Binəqədi r.,8-ci mikrorayon q.",40.37224994422943,Bakı,49.83342432222912,3339324,,
226,Yeni tikili,11 / 17,64 m²,2,var,128000,AZN,"Xalqlar Dostluğu m.,Nizami r.,8-ci kilometr q.",40.39767943033438,Bakı,49.95243072509766,3340192,var,var
227,Yeni tikili,10 / 12,153 m²,3,yoxdur,260000,AZN,"Təhsil Nazirliyi ,Nərimanov r.",40.39258570721516,Bakı,49.86106685968434,3341060,,
228,Köhnə tikili,2 / 5,85 m²,3,var,97000,AZN,"Binəqədi r.,Biləcəri q.",40.39980377915154,Bakı,49.86642837524414,3343664,,
229,Köhnə tikili,3 / 5,76 m²,3,,145000,AZN,"Qara Qarayev m.,Nizami r.,8-ci kilometr q.",40.41758313428029,Bakı,49.94021447618456,3344532,,
230,Yeni tikili,2 / 12,122 m²,3,var,188000,AZN,"Memar Əcəmi m.,Nəsimi r.,2-ci mikrorayon q.",40.38781667161964,Bakı,49.85220193862915,3347136,,
231,Yeni tikili,12 / 16,68 m²,2,var,110000,AZN,Nizami r.,40.39026819642278,Bakı,49.95772004127506,3348004,,
232,Yeni tikili,13 / 14,100 m²,3,var,149000,AZN,"20 Yanvar m.,Yasamal r.,Yeni Yasamal q.",40.39207450867706,Bakı,49.91632254003383,3348872,var,var
